{"cameraMode":{"drawMode":0,"name":"Shaded","section":"Shading Mode"},"sceneLighting":false,"audioPlay":false,"sceneViewState":{"m_AlwaysRefresh":false,"showFog":true,"showSkybox":false,"showFlares":true,"showImageEffects":true,"showParticleSystems":true,"showVisualEffectGraphs":true,"m_FxEnabled":true},"in2DMode":false,"pivot":{"x":-5.980745315551758,"y":0.7913409471511841,"z":-15.005000114440918},"rotation":{"x":0.28019365668296816,"y":-0.3281744718551636,"z":0.10259640216827393,"w":0.8962580561637878},"size":1.0643336772918702,"orthographic":false}