{"cameraMode":{"drawMode":0,"name":"Shaded","section":"Shading Mode"},"sceneLighting":false,"audioPlay":false,"sceneViewState":{"m_AlwaysRefresh":false,"showFog":true,"showSkybox":false,"showFlares":true,"showImageEffects":true,"showParticleSystems":true,"showVisualEffectGraphs":true,"m_FxEnabled":true},"in2DMode":false,"pivot":{"x":0.0003317594528198242,"y":0.008655719459056855,"z":0.0001590251922607422},"rotation":{"x":-0.03123846836388111,"y":0.9566203951835632,"z":-0.26722463965415957,"w":-0.11184602975845337},"size":0.7718902230262756,"orthographic":false}