{"cameraMode":{"drawMode":0,"name":"Shaded","section":"Shading Mode"},"sceneLighting":true,"audioPlay":false,"sceneViewState":{"m_AlwaysRefresh":false,"showFog":true,"showSkybox":true,"showFlares":true,"showImageEffects":true,"showParticleSystems":true,"showVisualEffectGraphs":true,"m_FxEnabled":true},"in2DMode":false,"pivot":{"x":197.71957397460938,"y":-0.2039189338684082,"z":356.01092529296877},"rotation":{"x":0.26979103684425356,"y":-0.31327733397483828,"z":0.09331545233726502,"w":0.9057391285896301},"size":7.6783270835876469,"orthographic":true}