{"cameraMode":{"drawMode":0,"name":"Shaded","section":"Shading Mode"},"sceneLighting":true,"audioPlay":false,"sceneViewState":{"m_AlwaysRefresh":false,"showFog":true,"showSkybox":true,"showFlares":true,"showImageEffects":true,"showParticleSystems":true,"showVisualEffectGraphs":true,"m_FxEnabled":true},"in2DMode":false,"pivot":{"x":194.5800018310547,"y":1.9300000667572022,"z":343.5299987792969},"rotation":{"x":0.07946865260601044,"y":-0.18726104497909547,"z":0.015200696885585785,"w":0.9789737462997437},"size":1.8356797695159913,"orthographic":false}