{"cameraMode":{"drawMode":0,"name":"Shaded","section":"Shading Mode"},"sceneLighting":true,"audioPlay":false,"sceneViewState":{"m_AlwaysRefresh":false,"showFog":true,"showSkybox":true,"showFlares":true,"showImageEffects":true,"showParticleSystems":true,"showVisualEffectGraphs":true,"m_FxEnabled":true},"in2DMode":false,"pivot":{"x":195.9875030517578,"y":1.7670001983642579,"z":345.78436279296877},"rotation":{"x":0.6920089721679688,"y":0.011909166350960732,"z":-0.011419180780649186,"w":0.7217012047767639},"size":12.12435531616211,"orthographic":true}