{"cameraMode":{"drawMode":0,"name":"Shaded","section":"Shading Mode"},"sceneLighting":false,"audioPlay":false,"sceneViewState":{"m_AlwaysRefresh":false,"showFog":true,"showSkybox":false,"showFlares":true,"showImageEffects":true,"showParticleSystems":true,"showVisualEffectGraphs":true,"m_FxEnabled":true},"in2DMode":false,"pivot":{"x":-8.626114845275879,"y":1.3729722499847413,"z":-10.320603370666504},"rotation":{"x":0.28019365668296816,"y":-0.3281744718551636,"z":0.10259640216827393,"w":0.8962580561637878},"size":2.0011587142944338,"orthographic":false}