{"cameraMode":{"drawMode":0,"name":"Shaded","section":"Shading Mode"},"sceneLighting":true,"audioPlay":false,"sceneViewState":{"m_AlwaysRefresh":false,"showFog":true,"showSkybox":false,"showFlares":true,"showImageEffects":true,"showParticleSystems":true,"showVisualEffectGraphs":true,"m_FxEnabled":true},"in2DMode":false,"pivot":{"x":-6.028965950012207,"y":1.1884595155715943,"z":-12.673846244812012},"rotation":{"x":0.28019365668296816,"y":-0.3281744718551636,"z":0.10259640216827393,"w":0.8962580561637878},"size":0.8660253882408142,"orthographic":false}